,city,job_title,company,location,link
1,dallas,Jr. Data Scientist,Event Dynamic,"Temporarily Remote in Dallas, TX",www.indeed.com/pagead/clk?mo=r&ad=-6NYlbfkN0CzeGWOjRdOR2DdzguH-JnvuerQhYKM8ycpn9HUixiNo9yrH2GSQiGp18hC9P3rOWU--DslnxFrMaOC6NCs-n1a7BWiC1c27mJSN8JINp0rDF13NJnbrAufU5-kpTzGbB7CTP8Y-01lIoyiaMkPLQ2ByoJf9JaR3UC6LA5KuJ-34d9YQaMQcw7bIHTkFze6JdT5cWSlMzOE8OBxY-dvPPB43Hn8hjNawRYfb81F-57zReu7-Zj5wzBLk5Zl3NkBsAtkZPkDFd9dH6QrFtL5G-B9Aj2y9qGAtQp5L4Wyf08xbJvjS3a3XETGzgydXqnU0aZtACfkARwYa2y2-JkygL74SJPhD9csXkngbX4veTCZcD-ZqgGCQMFAV5wJjKsB7-bIP1RvNIN5noSCbRKBSN-pqMw11mhkn2eiOLEtrgKrTkYQIUmp0g9oBvlBuCF8PyktQrneTRGSUOuN37L9mYEAFJz8CGw5KUf34x8jh0yDWMlus1QOpZ4w&p=0&fvj=1&vjs=3
2,dallas,Entry Level Cyber Security Role,SkillStorm,"Remote in Dallas, TX",www.indeed.com/pagead/clk?mo=r&ad=-6NYlbfkN0Akpfp8SSZMfZN38QizqqtbOT4j-2RsCLW69coMAbJ8KY0BXv5pi7sfynk-cNMHYhMuOAE9zzWSSu1J4CWahsOo3sQwwn0YexPVRNs-F1b8rTwtHCiv-1Wip9vutSjDQYGihEcNApHc_IrlkXRF_1tfiwg-t3TfXZdNqD9DOtVkipf3Z2PgVLuq93PHtrk0wkInLitEAohF6H--HVVJnBHO7m6HxpRgARK8QRf4sIBlWI4aNan4SPRG6YrN6QmAJ-8Fm88NHQ-1kc4-RNaihp7PMCl_2eThPUurGdUpFpf_TeUEts7PHv_0nySCy524l5KYMjE9DS5q9yeB54r3wvAogm-Fyw52WQhe_eqLzANNEq8zsEmWZ3wIib_LeDY_7JMEilImnXzXO9JdVvqLxmy9Z88uebSd4YncSU6SQsSRD_JM8JxKIZwO3aaSv-0P5ckkR7dfFce7TOM1KSUyzYt_zeOAZB_gHlJCU345jpkCUDTRl3egldv9OMmb5yjaDcnaPeAdyPvCYPV1xohLFTshv36pKQD-Hjf12KNY60b6k92wttajJn1N&p=1&fvj=0&vjs=3
3,dallas,newEntry Level Opportunity - Business Intelligence Analyst,PCS GLOBAL TECH,"Remote in Dallas, TX",www.indeed.com/company/PCS-GLOBAL-TECH/jobs/Entry-Level-Opportunity-005c34e0babd7f69?fccid=252beafbd99a6037&vjs=3
4,dallas,Entry Level Java Developer,Synergistic IT,"Dallas, TX",www.indeed.com/company/Synergistic-IT/jobs/Entry-Level-Java-Developer-4c09b983b4f3ff9c?fccid=6c6b10d419320f4e&vjs=3
5,dallas,newEntry-Level Developer Test Automation,Quintrix Solutions Inc,"Dallas, TX+1 location",www.indeed.com/company/Quintrix-Solutions/jobs/Entry-Level-Developer-Test-Automation-7c16419152512e12?fccid=b1657a1ef2ca3436&vjs=3
6,dallas,newIT Analyst Entry Level,"Voxai Solutions, Inc.","Coppell, TX 75019","www.indeed.com/company/Voxai-Solutions,-Inc./jobs/IT-Analyst-Entry-Level-9cfa782ff4827d67?fccid=843e75defe446db1&vjs=3"
7,dallas,newEntry-Level Developer (Test Automation),Quintrix,"Dallas, TX",www.indeed.com/company/Quintrix/jobs/Entry-Level-Developer-6553b280f5f4c028?fccid=08d82640513a1729&vjs=3
8,dallas,"Hiring for OPT , CPT , Stem OPT , H1B , H4 EAD , GC",SAINARS SOLUTIONS INC.,"Frisco, TX",www.indeed.com/company/SAINARS-SOLUTIONS-INC./jobs/Opt-41e7659a0b307c0d?fccid=ebc6f9872492f5fe&vjs=3
9,dallas,newEntry level Full stack Java Developer,Quintrix,"Dallas, TX+3 locations",www.indeed.com/company/Quintrix/jobs/Entry-Level-Full-Stack-Java-Developer-61e3f26c2ac6c539?fccid=448c6a409de61c4a&vjs=3
10,dallas,Power BI Developer - Entry Level,Ethos Group Corporate,"Dallas, TX",www.indeed.com/rc/clk?jk=f89066e43eec7872&fccid=8e250593e88b7472&vjs=3
11,dallas,newEntry-Level Developer (Test Automation),Quintrix,"Dallas, TX+1 location",www.indeed.com/company/Quintrix/jobs/Entry-Level-Developer-0879df723853d56f?fccid=448c6a409de61c4a&vjs=3
12,dallas,Entry-Level React Web Application Engineer,Quintrix Solutions Inc,"Dallas, TX+2 locations",www.indeed.com/company/Quintrix-Solutions/jobs/Entry-Level-React-Web-Application-Engineer-2b14b05016f846b9?fccid=b1657a1ef2ca3436&vjs=3
13,dallas,Software Engineer Asc - Entry Level,LOCKHEED MARTIN CORPORATION,"Fort Worth, TX 76108+3 locations",www.indeed.com/rc/clk?jk=9f7e8fe7b1ce5d1d&fccid=aeb15e43a6800b9d&vjs=3
14,dallas,Entry Level NOC Analyst,"Voxai Solutions, Inc.","Coppell, TX","www.indeed.com/company/Voxai-Solutions,-Inc./jobs/Entry-Level-Noc-Analyst-38f90eeebfa450ac?fccid=843e75defe446db1&vjs=3"
15,dallas,newEntry level Test Automation developer role.,Quintrix,"Dallas, TX+1 location",www.indeed.com/company/Quintrix/jobs/Entry-Level-Test-Automation-Developer-Role-f95d209d0eb5bbf2?fccid=448c6a409de61c4a&vjs=3
16,dallas,Entry-Level Java Full-Stack developer,Quintrix Solutions Inc,"Dallas, TX+4 locations",www.indeed.com/company/Quintrix-Solutions/jobs/Entry-Level-Java-Full-Stack-Developer-bb9aac7160b399a0?fccid=b1657a1ef2ca3436&vjs=3
17,dallas,newEntry-Level Developer (Test Automation),Quintrix Solutions,"Fort Worth, TX",www.indeed.com/company/Quintrix-Solutions/jobs/Entry-Level-Developer-7eab569eed9cea5c?fccid=f6b61da642c2048f&vjs=3
18,dallas,newEntry-Level Developer (Test Automation),Quintrix solutions,"Dallas, TX",www.indeed.com/company/Quintrix-solutions/jobs/Entry-Level-Developer-1f8bfffe948d8d18?fccid=c95b4dee66040af7&vjs=3
19,dallas,Associate Systems Engineer,OVHcloud,"Dallas, TX",www.indeed.com/rc/clk?jk=048a00fbabec7203&fccid=6f3d73d346618234&vjs=3
20,dallas,newWe're sponsoring H1b for 2023 cap,Neo Prism Solutions,"Frisco, TX 75035",www.indeed.com/company/Neo-Prism-Solutions/jobs/We're-Sponsoring-Cap-33ee361d1da215a9?fccid=a17127b30cf43914&vjs=3
21,dallas,Remote Training and Placement in Jr Business Analyst precisi...,precision technologies,"Temporarily Remote in Dallas, TX",www.indeed.com/company/PRECISION-TECHNOLOGIES/jobs/Remote-Training-Placement-Junior-Business-Analyst-8cd87e3c890d0bd1?fccid=6eb835f9a4d35e56&vjs=3
22,dallas,newEntry Level Technical Advisor,Check Point Software Technologies Ltd.,"Dallas, TX",www.indeed.com/rc/clk?jk=285232ceba43e4f2&fccid=c1ee211a89cc3f56&vjs=3
23,dallas,Industrial Engineer Asc - Entry Level,LOCKHEED MARTIN CORPORATION,"Grand Prairie, TX 75051",www.indeed.com/rc/clk?jk=dcb319d373621f37&fccid=aeb15e43a6800b9d&vjs=3
24,dallas,Programmer Analyst,Future Foam,"Dallas, TX 75247 (West Dallas area)",www.indeed.com/company/FUTURE-FOAM/jobs/Programmer-Analyst-3e01558a1b61ff71?fccid=fa33c739de1c7da9&vjs=3
25,dallas,Math/Science Instructors for High-End Tutoring Firm (Plano),Berkeley2 Academy,"Plano, TX 75093",www.indeed.com/company/Berkeley2-Academy/jobs/Math-Science-Instructor-High-End-Tutoring-Firm-f7fd6c676ea94903?fccid=38be3acf4a230845&vjs=3
26,dallas,Professional Member of Technical Staff,AT&T,"Dallas, TX",www.indeed.com/rc/clk?jk=f262226ca3387216&fccid=25b5166547bbf543&vjs=3
27,dallas,Systems Engineer Asc (Simulation & Systems Test) - Entry Lev...,LOCKHEED MARTIN CORPORATION,"Fort Worth, TX 76108+1 location",www.indeed.com/rc/clk?jk=fdca83b0e0e6d8d3&fccid=aeb15e43a6800b9d&vjs=3
28,dallas,Entry level Python Developer,Cognizant Technology Solutions,"Plano, TX+1 location",www.indeed.com/rc/clk?jk=27e4acb3dd1900d1&fccid=2df6a1e69a70a1e7&vjs=3
29,dallas,Entry Level Java Full Stack Developer,Quintrix,"Dallas, TX",www.indeed.com/company/Quintrix/jobs/Entry-Level-Java-Full-Stack-Developer-1eea9ed65a703484?fccid=08d82640513a1729&vjs=3
30,dallas,Associate Technical Consultant,Blue Yonder,"Dallas, TX",www.indeed.com/rc/clk?jk=64405846d21f14cb&fccid=331ee4ee7383c9eb&vjs=3
31,dallas,Operations Analyst - Entry Level,LOCKHEED MARTIN CORPORATION,"Fort Worth, TX 76108",www.indeed.com/rc/clk?jk=1db0e40baa9f8dd5&fccid=aeb15e43a6800b9d&vjs=3
32,dallas,Entry-Level Java Full-Stack developer,Quintrix,"Dallas, TX+3 locations",www.indeed.com/company/Quintrix/jobs/Entry-Level-Java-Full-Stack-Developer-f1928d6d51d4a158?fccid=7bb4f021732530ee&vjs=3
33,dallas,Entry-Level Java Full-Stack developer,Quintrix Solutions,"Fort Worth, TX+1 location",www.indeed.com/company/Quintrix-Solutions/jobs/Entry-Level-Java-Full-Stack-Developer-373e52af6574b4d7?fccid=f6b61da642c2048f&vjs=3
34,dallas,"Technology Services Management Trainee 2022 (Fort Worth, TX)",BNSF,"Fort Worth, TX 76131 (Far North area)",www.indeed.com/rc/clk?jk=42e0bf3a96210a84&fccid=0e5502aac81988bd&vjs=3
35,dallas,Entry-Level Mobile React Native Engineer,Quintrix Solutions Inc,"Dallas-Fort Worth, TX",www.indeed.com/company/Quintrix-Solutions/jobs/Entry-Level-Mobile-React-Native-Engineer-bddd0acc19f8167f?fccid=b1657a1ef2ca3436&vjs=3
36,dallas,Professional Leadership Program - Data & Innovation,PMG,"Dallas, TX",www.indeed.com/company/PMG/jobs/Professional-Leadership-Program-6be4f47602ef8399?fccid=c43cfe4429db8d7d&vjs=3
37,dallas,Aeronautical Engr (MS Degree-Computational Fluid Dynamics)-E...,LOCKHEED MARTIN CORPORATION,"Fort Worth, TX 76108",www.indeed.com/rc/clk?jk=62c745e84fbe615f&fccid=aeb15e43a6800b9d&vjs=3
38,dallas,Entry Level Cyber Security Role,SkillStorm,"Remote in Dallas, TX",www.indeed.com/pagead/clk?mo=r&ad=-6NYlbfkN0Akpfp8SSZMfZN38QizqqtbOT4j-2RsCLW69coMAbJ8KY0BXv5pi7sfynk-cNMHYhMuOAE9zzWSSu1J4CWahsOo3sQwwn0YexPVRNs-F1b8rTwtHCiv-1Wip9vutSjDQYGihEcNApHc_IrlkXRF_1tfiwg-t3TfXZdNqD9DOtVkipf3Z2PgVLuq93PHtrk0wkInLitEAohF6DbtVokAHSHoHySP4hGKjBMNBpwrTN8_X-r0yeaBGAStAObBOhbaaajYBxclPc7WxIBtA0EgOHjkmhZmKdtCBd2fcD7On-RwC-2tPe2mIMW-B4FiW44eDkuBNMwOaQ2tn1cTjfapDiEgp5L5c_rOydatZd38EaIqNU7nJVBj8SPsHuuffauie9BdCdip7vb4sNRHGPaMTD_AK9tW7W8idLbrWQT-2akmo77N4oQsnh8YxRGI2Al7FT-9hwg3dq7tS43wNzAckKSjXFgU_iK_uJg3V2iVMe8yyr32VfKhzMKk3P4565ouEe4VdWCUV-2XHXzQoIVc5XII7ggIxUhaRDSTffVettQvJnyhiUegqD9G&p=7&fvj=0&vjs=3
39,dallas,Capco Associate Talent Program – Texas - Winter 2023,CAPCO,"Dallas, TX",www.indeed.com/rc/clk?jk=754f19d99f1ae10e&fccid=c2a63affe8751868&vjs=3
40,dallas,Title: Member of Technical Staff - Carbon Black Cloud - Oppo...,VMware,"Remote in Dallas, TX",www.indeed.com/rc/clk?jk=5cfe4539c4f8e697&fccid=c762a27145bd166e&vjs=3
41,dallas,Visualization Software Engineer – Entry Level 1,CAE Inc.,"Grand Prairie, TX",www.indeed.com/rc/clk?jk=3c61bf4340a63903&fccid=b839f9af280b111f&vjs=3
42,dallas,Entry level Programmer,Cognizant Technology Solutions,"Plano, TX",www.indeed.com/rc/clk?jk=46718ff516d5e913&fccid=2df6a1e69a70a1e7&vjs=3
43,dallas,Systems Engineer - Level 1 (Entry Level),LOCKHEED MARTIN CORPORATION,"Fort Worth, TX 76137 (Far North area)",www.indeed.com/rc/clk?jk=fb84633ee3b4f8ab&fccid=aeb15e43a6800b9d&vjs=3
44,dallas,newStaff System Software Test Engineer - Opportunity for Workin...,VMware,"Remote in Dallas, TX",www.indeed.com/rc/clk?jk=44ca2bff8f121727&fccid=c762a27145bd166e&vjs=3
45,dallas,Application Security Lead,Texas Capital Bank,"Richardson, TX 75082",www.indeed.com/rc/clk?jk=d3a5d9cbfaa6ec8b&fccid=5a09f253b3171f0b&vjs=3
